,close,close_predicted
0,23.889999,18.719096567510245
1,23.83,25.509097567510246
2,21.959999,24.719096567510245
3,19.200001,22.719096567510245
4,16.110001,19.719096567510245
5,15.8,16.119096567510244
6,17.459999,15.859095567510245
7,17.4,17.299096567510244
8,17.049999,17.669097567510246
9,18.139999,17.109095567510245
10,19.84,17.659097567510244
11,19.889999,19.659097567510244
12,20.639999,20.419097567510246
13,21.91,21.089097567510244
14,20.299999,21.569096567510247
15,20.219999,20.379096567510246
16,21.0,20.219096567510245
17,21.290001,20.909097567510244
18,20.950001,21.219096567510245
19,20.549999,20.629096567510246
20,20.719999,20.269095567510245
21,20.35,20.489096567510245
22,19.940001,19.919097567510246
23,20.92,20.219096567510245
24,21.950001,20.719096567510245
25,21.26,21.669097567510246
26,20.450001,21.259097567510246
27,19.59,19.819096567510247
28,19.6,19.619096567510244
29,19.030001,19.369096567510244
30,17.9,18.409097567510244
31,17.6,17.519095567510245
32,18.32,17.899096567510245
33,18.780001,18.169097567510246
34,19.15,18.679095567510245
35,18.77,19.309096567510245
36,18.790001,18.259097567510246
37,19.1,18.369096567510244
38,20.129999,18.809096567510245
39,19.200001,18.969096567510245
40,19.9,18.879096567510246
41,19.75,19.609095567510245
42,19.700001,19.469096567510245
43,19.870001,19.419097567510246
44,19.48,19.379096567510246
45,20.450001,19.339097567510244
46,21.059999,20.089097567510244
47,21.049999,20.589097567510244
48,20.540001,20.329097567510246
49,20.9,20.379096567510246
50,20.709999,20.719096567510245
51,20.17,20.469096567510245
52,20.719999,20.609095567510245
53,21.120001,20.259097567510246
54,21.98,20.699096567510246
55,20.940001,21.869096567510244
56,20.23,20.739096567510245
57,21.059999,20.389096567510247
58,20.77,20.609095567510245
59,19.870001,20.589097567510244
60,19.559999,19.609095567510245
61,20.1,19.669097567510246
62,20.530001,20.119096567510244
63,21.4,20.759097567510246
64,21.98,20.909097567510244
65,20.41,21.719096567510245
66,20.6,20.409097567510244
67,20.99,20.149096567510245
68,21.120001,20.869096567510244
69,20.459999,20.779095567510247
70,20.43,20.289096567510246
71,20.43,20.149096567510245
72,20.24,20.159097567510244
73,20.24,19.919097567510246
74,20.540001,20.359095567510245
75,20.75,20.719096567510245
76,20.540001,20.609095567510245
77,20.23,20.239096567510245
78,20.049999,19.919097567510246
79,20.65,19.879096567510246
80,20.75,20.329097567510246
81,20.719999,20.399096567510245
82,20.85,20.659097567510244
83,21.360001,20.519095567510245
84,21.0,20.969096567510245
85,21.190001,21.109095567510245
86,21.84,20.859095567510245
87,21.41,21.659097567510244
88,21.25,21.399096567510245
89,21.77,20.999097567510244
90,24.9,22.319096567510247
91,24.440001,24.589097567510244
92,24.98,24.219096567510245
93,24.629999,24.719096567510245
94,29.360001,24.199096567510246
95,28.040001,28.319096567510247
96,29.84,27.969096567510245
97,30.799999,29.939095567510247
98,29.67,30.719096567510245
99,29.49,29.919097567510246
100,29.889999,30.389096567510247
101,30.99,29.879096567510246
102,33.400002,31.289096567510246
103,34.57,33.00909756751024
104,35.470001,34.989096567510245
105,35.32,35.31909456751024
106,34.330002,35.12909656751024
107,35.330002,33.45909856751024
108,34.349998,35.58909556751024
109,32.349998,33.729094567510245
110,31.49,31.72909456751025
111,30.309999,31.069096567510247
112,31.559999,30.209096567510244
113,32.369999,32.19909656751024
114,32.049999,32.229094567510245
115,31.52,31.769095567510245
116,30.549999,31.359095567510245
117,28.530001,30.009097567510246
118,29.6,28.389096567510247
119,30.809999,29.719096567510245
120,31.360001,31.059096567510245
121,31.700001,31.359095567510245
122,32.259998,31.519095567510245
123,32.630001,31.969096567510245
124,30.09,30.979096567510247
125,25.549999,27.739096567510245
126,26.41,25.569096567510247
127,27.73,26.749097567510244
128,26.5,27.419097567510246
129,26.629999,26.289096567510246
130,26.620001,26.559096567510245
131,26.67,26.379096567510246
132,26.83,26.199096567510246
133,27.879999,26.549096567510244
134,28.24,27.719096567510245
135,28.450001,27.889096567510247
136,26.959999,28.309096567510245
137,26.959999,26.729096567510247
138,26.219999,26.679095567510245
139,25.75,25.869096567510244
140,25.639999,25.199096567510246
141,24.030001,24.989096567510245
142,22.620001,23.749097567510244
143,23.040001,22.839097567510244
144,24.49,23.249097567510244
145,24.68,24.369096567510244
146,24.75,24.429095567510245
147,24.92,24.459096567510244
148,24.01,24.599095567510247
149,24.1,23.769095567510245
150,23.91,24.029095567510247
151,23.940001,23.879096567510246
152,23.629999,23.539096567510246
153,23.459999,23.159097567510244
154,23.07,22.979096567510247
155,24.49,23.499097567510244
156,23.209999,23.849095567510247
157,23.219999,22.979096567510247
158,23.25,22.969096567510245
159,23.08,23.359095567510245
160,22.84,22.729096567510247
161,24.73,22.819096567510247
162,23.6,24.349095567510247
163,23.18,23.049096567510244
164,21.870001,22.599095567510247
165,21.83,21.899096567510245
166,22.530001,21.499097567510244
167,23.610001,22.529095567510247
168,23.889999,23.459096567510244
169,23.940001,23.769095567510245
170,24.02,23.539096567510246
171,24.360001,24.199096567510246
172,24.950001,24.199096567510246
173,24.940001,24.649096567510245
174,24.66,24.319096567510247
175,24.719999,24.379096567510246
176,24.01,24.159097567510244
177,24.07,23.569096567510247
178,23.25,23.539096567510246
179,22.950001,21.919097567510246
180,22.82,22.579097567510246
181,22.809999,22.959096567510244
182,22.959999,22.909097567510244
183,22.73,22.769095567510245
184,22.190001,22.449096567510246
185,22.209999,21.829097567510246
186,22.33,21.859095567510245
187,22.75,22.149096567510245
188,23.25,22.419097567510246
189,23.92,23.019095567510245
190,23.709999,23.829097567510246
191,27.75,26.269095567510245
192,26.66,27.169097567510246
193,25.83,26.549096567510244
194,26.700001,25.619096567510244
195,26.49,26.709096567510244
196,27.24,26.569096567510247
197,26.49,27.299096567510244
198,25.27,26.189095567510247
199,24.65,24.799096567510244
200,24.93,24.849095567510247
201,25.139999,24.589097567510244
202,25.58,25.369096567510244
203,25.030001,24.849095567510247
204,25.16,24.979096567510247
205,25.75,25.419097567510246
206,26.74,25.569096567510247
207,26.389999,26.419097567510246
208,26.93,26.379096567510246
209,27.08,26.649096567510245
210,27.66,26.789096567510246
211,27.6,27.409097567510244
212,27.450001,27.319096567510247
213,26.870001,27.099095567510247
214,26.690001,26.499097567510244
215,26.440001,26.919097567510246
216,27.120001,26.619096567510244
217,27.91,26.719096567510245
218,28.33,27.959096567510244
219,27.07,27.919097567510246
220,27.67,26.789096567510246
221,27.549999,27.719096567510245
222,26.6,27.709096567510244
223,25.959999,26.719096567510245
224,26.35,25.819096567510247
225,28.200001,26.749097567510244
226,27.969999,27.979096567510247
227,26.82,27.339097567510244
228,26.719999,26.739096567510245
229,28.98,26.619096567510244
230,29.48,28.539096567510246
231,29.549999,29.259097567510246
232,30.139999,29.409097567510244
233,28.52,29.719096567510245
234,28.76,28.239096567510245
235,30.129999,29.669097567510246
236,28.700001,29.819096567510247
237,28.370001,28.659097567510244
238,27.120001,28.159097567510244
239,27.620001,27.149096567510245
240,27.860001,27.239096567510245
241,28.43,27.789096567510246
242,28.6,28.259097567510246
243,27.32,28.159097567510244
244,26.5,27.389096567510247
245,26.5,26.589097567510244
246,26.01,26.009097567510246
247,27.530001,25.959096567510244
248,27.209999,27.089097567510244
249,27.709999,26.919097567510246
250,27.57,27.359095567510245
251,27.459999,27.449096567510246
252,28.110001,27.509097567510246
253,28.290001,28.219096567510245
254,29.129999,28.219096567510245
255,29.02,28.789096567510246
256,29.139999,28.739096567510245
257,28.959999,28.859095567510245
258,29.73,28.859095567510245
259,28.809999,29.609095567510245
260,28.35,28.119096567510244
261,28.17,28.089097567510244
262,28.639999,28.149096567510245
263,27.610001,28.249097567510244
264,27.58,27.509097567510246
265,27.23,27.059096567510245
266,27.889999,27.299096567510244
267,28.690001,27.719096567510245
268,28.700001,28.629096567510246
269,29.290001,28.419097567510246
270,28.49,28.729096567510247
271,28.0,28.029095567510247
272,27.639999,28.219096567510245
273,28.17,27.319096567510247
274,28.17,27.519095567510245
275,28.77,28.389096567510247
276,27.34,28.409097567510244
277,27.200001,27.219096567510245
278,24.75,26.229096567510247
279,24.24,24.709096567510244
280,23.639999,22.819096567510247
281,25.059999,23.869096567510244
282,23.82,25.159097567510244
283,25.299999,23.759097567510246
284,26.309999,25.319096567510247
285,26.23,26.339097567510244
286,26.1,25.849095567510247
287,25.83,26.109095567510245
288,24.26,24.719096567510245
289,22.299999,23.579097567510246
290,21.950001,22.829097567510246
291,22.959999,21.649096567510245
292,23.870001,22.819096567510247
293,23.110001,23.589097567510244
294,23.73,22.429095567510245
295,24.709999,23.939095567510247
296,24.629999,24.219096567510245
297,24.74,24.519095567510245
298,24.0,24.379096567510246
299,23.07,23.379096567510246
300,22.940001,22.219096567510245
301,23.84,23.109095567510245
302,23.610001,23.299096567510244
303,22.969999,23.089097567510244
304,22.879999,22.219096567510245
305,24.08,22.729096567510247
306,24.34,23.969096567510245
307,24.82,24.299096567510244
308,25.799999,24.499097567510244
309,25.77,24.669097567510246
310,26.01,25.699096567510246
311,25.85,25.669097567510246
312,25.629999,25.359095567510245
313,26.379999,25.209096567510244
314,25.52,26.239096567510245
315,26.190001,25.719096567510245
316,24.59,25.719096567510245
317,24.120001,25.439095567510247
318,24.389999,24.519095567510245
319,23.73,24.669097567510246
320,23.66,23.009097567510246
321,25.370001,23.749097567510244
322,26.959999,25.089097567510244
323,26.99,26.699096567510246
324,27.879999,27.029095567510247
325,27.610001,27.229096567510247
326,27.799999,26.969096567510245
327,27.940001,27.349095567510247
328,28.049999,27.719096567510245
329,27.42,27.579097567510246
330,28.34,27.019095567510245
331,27.57,27.739096567510245
332,27.34,27.159097567510244
333,28.030001,27.119096567510244
334,28.549999,27.589097567510244
335,28.25,27.949096567510246
336,27.98,27.909097567510244
337,28.76,28.059096567510245
338,29.870001,28.219096567510245
339,29.370001,29.219096567510245
340,28.879999,28.109095567510245
341,28.709999,28.719096567510245
342,32.459999,29.719096567510245
343,32.310001,31.179095567510245
344,31.27,31.359095567510245
345,31.84,31.089097567510244
346,30.879999,30.589097567510244
347,31.33,30.659097567510244
348,33.639999,31.619096567510244
349,33.220001,32.71909656751024
350,33.93,32.63909456751024
351,34.939999,33.19909656751024
352,33.68,34.21909656751024
353,32.599998,33.359095567510245
354,31.76,32.15909556751024
355,32.07,31.479096567510247
356,31.450001,31.479096567510247
357,31.66,31.269095567510245
358,32.560001,31.719096567510245
359,31.75,32.20909856751024
360,32.740002,32.21909656751024
361,32.599998,32.28909656751024
362,33.299999,32.54909856751024
363,34.419998,33.24909556751024
364,34.869999,33.91909756751024
365,34.189999,34.34909756751024
366,30.889999,30.559096567510245
367,31.040001,30.259097567510246
368,30.41,30.159097567510244
369,29.450001,30.289096567510246
370,28.530001,29.219096567510245
371,28.620001,28.389096567510247
372,28.0,28.509097567510246
373,27.75,27.809096567510245
374,27.9,27.769095567510245
375,27.57,27.629096567510246
376,27.77,27.319096567510247
377,27.9,27.719096567510245
378,28.57,27.379096567510246
379,28.51,28.709096567510244
380,28.73,28.309096567510245
381,28.559999,28.209096567510244
382,28.08,28.659097567510244
383,27.709999,27.929095567510245
384,27.120001,27.479096567510247
385,26.91,26.919097567510246
386,27.25,26.719096567510245
387,27.620001,27.159097567510244
388,28.23,27.339097567510244
389,28.25,28.199096567510246
390,22.790001,28.119096567510244
391,26.6,26.339097567510244
392,26.809999,26.409097567510244
393,26.76,26.909097567510244
394,26.6,26.619096567510244
395,26.77,26.529095567510247
396,27.42,26.349095567510247
397,27.969999,26.989096567510245
398,28.940001,27.789096567510246
399,29.33,28.219096567510245
400,29.57,29.209096567510244
401,29.07,29.619096567510244
402,29.58,28.789096567510246
403,30.25,29.439095567510247
404,31.15,30.129096567510246
405,31.799999,30.819096567510247
406,31.6,31.519095567510245
407,31.93,31.319096567510247
408,32.580002,31.719096567510245
409,31.1,31.97909456751025
410,31.49,31.269095567510245
411,33.169998,31.459096567510244
412,33.599998,32.81909456751024
413,34.18,33.21909656751024
414,34.970001,33.70909856751024
415,34.5,34.58909556751024
416,34.220001,34.21909656751024
417,34.529999,33.70909856751024
418,33.75,33.94909656751024
419,33.619999,33.12909656751024
420,33.810001,33.359095567510245
421,33.41,33.52909756751024
422,34.41,33.229094567510245
423,34.040001,34.11909856751024
424,33.77,34.06909456751024
425,33.110001,32.96909656751024
426,33.119999,32.83909556751024
427,33.07,32.82909756751024
428,34.740002,32.91909756751024
429,36.009998,34.40909556751024
430,36.09,36.229094567510245
431,35.290001,35.71909656751024
432,35.0,34.99909556751024
433,35.32,34.61909856751024
434,34.98,34.979094567510245
435,34.959999,34.69909656751024
436,35.150002,34.65909556751024
437,34.400002,34.689097567510245
438,34.080002,33.979094567510245
439,37.400002,35.309096567510245
440,37.939999,36.87909656751024
441,37.849998,37.49909556751024
442,37.330002,37.90909556751024
443,37.240002,37.239096567510245
444,36.580002,37.04909856751024
445,38.009998,36.41909756751024
446,35.0,34.989096567510245
447,34.48,34.81909456751024
448,33.150002,33.81909456751024
449,32.459999,32.86909856751024
450,33.09,32.95909856751024
451,33.439999,33.489096567510245
452,33.59,33.65909556751024
453,32.25,33.12909656751024
454,32.240002,32.14909656751024
455,32.66,31.80909656751025
456,33.16,32.46909656751024
457,33.16,32.859095567510245
458,31.940001,32.57909756751024
459,31.82,31.539096567510246
460,32.91,31.789096567510246
461,33.490002,32.679095567510245
462,33.34,33.31909456751024
463,33.130001,32.989096567510245
464,33.779999,32.84909756751024
465,33.939999,33.21909656751024
466,32.459999,33.62909656751024
467,31.83,32.03909656751024
468,32.470001,31.679095567510245
469,30.190001,32.21909656751024
470,30.059999,30.019095567510245
471,32.959999,32.689097567510245
472,32.25,32.20909856751024
473,30.059999,31.639096567510247
474,29.43,29.979096567510247
475,29.18,29.299096567510244
476,28.57,29.019095567510245
477,27.559999,28.089097567510244
478,28.77,27.299096567510244
479,30.799999,29.819096567510247
480,31.02,30.279095567510247
481,30.280001,30.969096567510245
482,29.809999,29.879096567510246
483,31.690001,29.729096567510247
484,30.41,30.799096567510244
485,29.5,29.789096567510246
486,28.15,28.249097567510244
487,27.879999,27.749097567510244
488,27.91,27.559096567510245
489,29.219999,27.919097567510246
490,28.93,29.529095567510247
491,30.08,28.579097567510246
492,29.120001,30.029095567510247
493,29.66,28.949096567510246
494,29.77,29.269095567510245
495,29.389999,29.899096567510245
496,29.91,29.109095567510245
497,31.84,29.659097567510244
498,32.09,31.73909656751025
499,33.779999,33.21909656751024
500,32.189999,33.979094567510245
501,33.790001,32.31909456751024
502,33.110001,33.65909556751024
503,31.610001,31.769095567510245
504,31.959999,31.619096567510244
505,31.41,31.619096567510244
506,31.290001,32.51909556751024
507,30.4,31.069096567510247
508,30.66,30.319096567510247
509,31.23,30.529095567510247
510,30.99,30.709096567510244
511,31.49,30.659097567510244
512,31.27,31.259097567510246
513,31.51,31.289096567510246
514,32.700001,31.009097567510246
515,34.25,32.689097567510245
516,35.959999,34.03909656751024
517,33.349998,34.71909656751024
518,32.150002,31.139096567510247
519,32.27,32.439097567510245
520,31.790001,31.789096567510246
521,30.66,30.769095567510245
522,29.84,30.379096567510246
523,28.950001,29.639096567510247
524,28.129999,29.619096567510244
525,29.51,28.429095567510245
526,27.35,29.229096567510247
527,27.42,27.259097567510246
528,26.25,27.709096567510244
529,26.1,26.559096567510245
530,27.27,26.619096567510244
531,28.27,27.269095567510245
532,30.25,28.489096567510245
533,29.09,29.619096567510244
534,29.41,29.239096567510245
535,29.940001,29.029095567510247
536,31.17,29.409097567510244
537,29.42,30.469096567510245
538,29.4,29.109095567510245
539,30.299999,29.249097567510244
540,30.01,30.009097567510246
541,29.51,29.869096567510244
542,29.110001,29.299096567510244
543,29.950001,28.729096567510247
544,30.73,29.719096567510245
545,29.5,29.779095567510247
546,28.32,29.289096567510246
547,28.690001,28.119096567510244
548,28.41,28.209096567510244
549,28.41,28.319096567510247
550,28.52,28.329097567510246
551,28.139999,28.239096567510245
552,27.940001,27.729096567510247
553,28.549999,27.719096567510245
554,29.35,28.269095567510245
555,27.370001,28.919097567510246
556,27.799999,27.479096567510247
557,28.280001,27.619096567510244
558,29.48,28.289096567510246
559,30.389999,29.719096567510245
560,32.540001,32.06909456751024
561,31.34,31.599095567510247
562,31.049999,30.719096567510245
563,30.9,30.649096567510245
564,30.02,30.819096567510247
565,30.66,29.229096567510247
566,27.66,28.339097567510244
567,27.540001,27.379096567510246
568,28.49,27.539096567510246
569,29.280001,28.449096567510246
570,29.16,29.219096567510245
571,29.799999,28.999097567510244
572,29.299999,29.469096567510245
573,29.4,29.719096567510245
574,28.889999,29.419097567510246
575,29.25,28.579097567510246
576,28.370001,28.839097567510244
577,28.4,28.109095567510245
578,28.32,28.659097567510244
579,27.639999,28.039096567510246
580,27.33,27.739096567510245
581,28.059999,27.389096567510247
582,28.82,27.969096567510245
583,28.040001,28.709096567510244
584,27.74,27.549096567510244
585,27.85,27.709096567510244
586,28.389999,27.099095567510247
587,27.42,28.239096567510245
588,27.52,27.519095567510245
589,27.379999,27.249097567510244
590,28.129999,27.419097567510246
591,29.25,27.969096567510245
592,28.92,28.989096567510245
593,31.5,29.519095567510245
594,31.15,30.329097567510246
595,31.540001,30.719096567510245
596,31.309999,30.729096567510247
597,30.32,30.319096567510247
598,31.07,30.009097567510246
599,31.610001,31.009097567510246
600,31.379999,31.679095567510245
601,30.82,31.019095567510245
602,31.84,30.869096567510244
603,32.919998,31.789096567510246
604,33.0,32.51909556751024
605,32.470001,32.32909756751024
606,32.130001,32.31909456751024
607,32.27,31.819094567510245
608,32.150002,31.849097567510245
609,33.23,31.719096567510245
610,33.689999,33.15909556751024
611,33.82,33.34909756751024
612,34.619999,33.609095567510245
613,33.900002,33.79909856751024
614,33.709999,33.53909656751024
615,33.900002,33.53909656751024
616,34.169998,34.01909556751024
617,34.57,34.14909656751024
618,35.279999,34.31909456751024
619,35.259998,34.929095567510245
620,33.610001,34.979094567510245
621,33.810001,33.49909556751024
622,34.400002,33.489096567510245
623,34.59,33.979094567510245
624,34.610001,34.46909656751024
625,34.43,34.229094567510245
626,34.0,33.65909556751024
627,34.279999,33.359095567510245
628,33.59,33.679095567510245
629,33.689999,33.21909656751024
630,33.220001,33.09909756751024
631,33.869999,32.71909656751024
632,35.360001,34.71909656751024
633,34.77,34.89909656751024
634,34.400002,34.51909556751024
635,34.34,34.51909556751024
636,33.68,34.21909656751024
637,33.639999,33.729094567510245
638,33.529999,33.58909556751024
639,32.91,33.75909756751024
640,33.259998,32.79909856751024
641,33.900002,32.82909756751024
642,34.099998,33.56909456751024
643,34.380001,33.87909656751024
644,34.52,34.45909856751024
645,35.189999,34.27909756751024
646,36.0,34.739096567510245
647,36.990002,35.71909656751024
648,36.98,36.71909656751024
649,38.029999,36.57909756751024
650,37.950001,37.81909456751024
651,37.52,37.56909456751024
652,37.509998,37.58909556751024
653,38.299999,37.88909456751024
654,37.740002,38.11909856751024
655,38.130001,37.71909656751024
656,39.169998,37.89909656751024
657,39.48,38.90909556751024
658,39.240002,39.16909756751024
659,38.419998,37.69909656751024
660,37.889999,38.16909756751024
661,38.450001,38.01909556751024
662,38.27,38.359095567510245
663,37.040001,38.21909656751024
664,39.279999,37.07909756751024
665,38.540001,39.01909556751024
666,35.16,36.20909856751024
667,36.110001,35.439097567510245
668,34.380001,35.86909856751024
669,34.43,34.179095567510245
670,35.099998,34.12909656751024
671,34.830002,35.609095567510245
672,34.650002,34.71909656751024
673,35.580002,34.489096567510245
674,36.650002,35.71909656751024
675,37.689999,36.729094567510245
676,38.23,37.44909656751024
677,38.470001,37.77909756751024
678,39.099998,38.58909556751024
679,39.119999,38.61909856751024
680,38.98,38.71909656751024
681,36.849998,38.61909856751024
682,35.290001,36.359095567510245
683,35.150002,35.01909556751024
684,35.080002,34.96909656751024
685,35.950001,34.979094567510245
686,36.009998,35.66909756751024
687,36.619999,35.91909756751024
688,37.529999,36.81909456751024
689,37.860001,37.69909656751024
690,38.16,37.65909556751024
691,37.889999,37.94909656751024
692,43.93,42.07909756751024
693,44.34,43.31909456751024
694,41.099998,42.81909456751024
695,42.009998,40.82909756751024
696,41.369999,41.71909656751024
697,41.830002,41.689097567510245
698,40.5,41.51909556751024
699,41.860001,40.41909756751024
700,43.59,41.77909756751024
701,43.75,42.96909656751024
702,43.299999,43.21909656751024
703,45.59,43.90909556751024
704,45.450001,45.21909656751024
705,46.970001,45.69909656751024
706,47.830002,47.179095567510245
707,50.189999,48.31909456751024
708,51.009998,50.71909656751024
709,50.43,50.61909856751024
710,52.0,50.21909656751024
711,51.200001,52.84909756751024
712,54.939999,51.479094567510245
713,53.990002,55.71909656751024
714,53.279999,55.70909856751024
715,54.110001,53.56909456751024
716,54.549999,56.189097567510245
717,59.5,56.109095567510245
718,55.509998,61.71909656751024
719,55.790001,57.21909656751024
720,69.400002,69.83909956751025
721,76.760002,69.36909856751025
722,87.800003,80.70909456751025
723,83.239998,93.93909756751025
724,84.839996,81.51909956751025
725,92.25,94.41909356751025
726,91.5,92.21909656751025
727,89.940002,90.83909956751025
728,87.589996,88.21909656751025
729,87.239998,86.08909956751025
730,92.730003,84.52909456751024
731,97.080002,92.31909456751025
732,110.330002,101.26909956751025
733,104.629997,113.26909956751025
734,104.949997,102.17909556751025
735,97.760002,105.97909856751025
736,92.589996,97.33909956751025
737,94.839996,92.46909656751025
738,95.370003,93.37910056751025
739,97.349998,94.96909656751025
740,102.040001,97.71909656751025
741,100.050003,98.64909656751026
742,94.470001,97.89909656751026
743,97.730003,96.51909956751025
744,98.18,98.71909656751025
745,100.300003,99.71909656751025
746,102.199997,103.31909456751025
747,103.389999,101.46909656751025
748,104.68,101.77909456751024
749,100.650002,104.36909856751025
750,99.550003,103.41909356751025
751,101.489998,96.21909656751025
752,102.400002,102.81909456751025
753,105.720001,103.51909956751025
754,109.25,106.46909656751025
755,107.360001,108.28909656751024
756,117.18,109.07909756751025
757,117.82,117.96909656751025
758,115.239998,117.71909656751025
759,120.089996,118.03909656751024
760,121.610001,121.08909956751025
761,123.449997,124.35909556751025
762,122.269997,122.90909856751026
763,125.610001,124.59909356751025
764,129.899994,125.21909656751025
765,127.260002,132.74909556751024
766,109.050003,125.99909556751025
767,120.25,106.23909356751025
768,119.029999,120.68909756751025
769,119.68,118.21909656751025
770,122.43,119.60909556751025
771,122.739998,123.71909656751025
772,121.699997,124.18909756751025
773,124.07,120.11909856751025
774,129.389999,127.85909556751024
775,134.619995,129.03910356751024
776,131.740005,134.51909956751024
777,134.279999,132.28910356751024
778,135.550003,134.71909656751023
779,138.0,134.30909256751025
780,144.679993,139.72909156751024
781,142.149994,144.46909656751023
782,134.229996,141.60909556751022
783,153.479996,154.06910256751024
784,153.0,152.11909056751023
785,147.380005,149.14908956751023
786,145.429993,149.21909656751023
787,139.360001,142.43909756751023
788,139.669998,136.14908956751023
789,142.0,141.34910156751025
790,144.899994,143.14908956751023
791,149.580002,148.36909056751023
792,147.860001,149.71909656751023
793,157.100006,148.93909756751023
794,161.839996,156.71909656751023
795,164.220001,164.86909056751023
796,167.009995,162.01909956751024
797,166.449997,168.77909456751024
798,166.059998,163.93909756751023
799,169.0,166.08909156751022
800,168.940002,173.11909056751023
801,170.619995,169.48910056751023
802,169.929993,169.81910256751024
803,166.970001,168.28910356751024
804,160.699997,162.83909156751022
805,166.369995,161.16909356751023
806,163.520004,166.12910056751022
807,164.929993,163.71909656751023
808,165.539993,162.48910056751023
809,166.580002,167.71909656751023
810,166.229996,164.79909856751024
811,166.220001,166.78910356751024
812,177.919998,170.51909956751024
813,183.389999,178.61909056751023
814,181.110001,184.19909256751023
815,182.330002,178.85909556751022
816,185.240005,183.27909456751024
817,188.639999,186.41909356751023
818,190.899994,187.23910056751023
819,193.369995,188.71909656751023
820,193.0,193.67910356751023
821,180.949997,188.30909256751025
822,173.309998,174.76909956751024
823,180.979996,176.11909056751023
824,183.070007,182.17910356751023
825,174.729996,184.11909056751023
826,168.779999,174.44909256751023
827,172.929993,172.80909256751025
828,178.699997,172.46909656751023
829,179.720001,174.71909656751023
830,183.940002,184.99909556751024
831,183.559998,184.61909056751023
832,182.800003,183.25908956751024
833,183.399994,183.86909056751023
834,172.600006,182.99909556751024
835,171.539993,170.21909656751023
836,164.5,168.62910056751022
837,173.149994,164.71909656751023
838,169.660004,173.92910356751023
839,162.860001,169.89908956751023
840,164.470001,162.47909156751024
841,159.220001,164.34910156751025
842,159.940002,155.38909456751023
843,162.169998,162.71909656751023
844,175.199997,164.71909656751023
845,176.809998,179.71909656751023
846,151.160004,154.52909456751024
847,139.770004,143.90909856751023
848,137.949997,136.19909256751023
849,144.699997,140.71909656751023
850,137.800003,144.40909856751023
851,138.699997,140.55909256751025
852,137.600006,138.63909456751023
853,135.449997,136.56910256751024
854,121.580002,134.98910056751023
855,126.089996,119.14909656751026
856,121.110001,125.79909856751024
857,122.099998,122.60909556751025
858,121.379997,121.29909856751024
859,120.839996,124.21909656751025
860,120.5,119.09909356751025
861,126.940002,121.02909456751024
862,127.279999,129.48910056751023
863,124.169998,126.06909456751025
864,144.699997,132.39908956751023
865,138.949997,144.03910356751024
866,140.479996,139.86909056751023
867,137.360001,141.22909156751024
868,141.600006,136.71909656751023
869,142.190002,139.76909956751024
870,139.649994,141.59910156751025
871,147.470001,139.41909356751023
872,147.649994,147.76909956751024
873,147.940002,148.19909256751023
874,152.460007,147.29909856751024
875,147.979996,151.95910156751023
876,140.720001,146.61909056751023
877,143.240005,141.29909856751024
878,143.550003,144.56910256751024
879,151.410004,149.71909656751023
880,155.5,154.75908956751024
881,151.119995,155.01909956751024
882,152.440002,150.83909156751022
883,150.429993,152.03910356751024
884,150.100006,149.51909956751024
885,149.559998,149.71909656751023
886,147.0,149.71909656751023
887,149.360001,147.33909156751022
888,151.279999,148.56910256751024
889,147.529999,152.21909656751023
890,145.720001,148.17910356751023
891,139.339996,145.49909556751024
892,161.270004,140.21909656751023
893,164.130005,168.16909356751023
894,170.970001,162.21909656751023
895,170.009995,169.90909856751023
896,176.679993,170.95910156751023
897,178.559998,177.52909456751024
898,181.5,176.94909256751023
899,174.600006,177.56910256751024
900,169.619995,174.87910056751022
901,178.380005,171.21909656751023
902,175.229996,175.01909956751024
903,182.839996,177.71909656751023
904,181.410004,178.56910256751024
905,177.110001,182.60909556751022
906,178.729996,180.41909356751023
907,174.419998,178.01909956751024
908,178.380005,176.01909956751024
909,186.529999,180.72909156751024
910,196.559998,189.05909256751025
911,196.619995,198.68909756751023
912,195.320007,195.49909556751024
913,199.630005,193.05909256751025
914,198.229996,197.81910256751024
915,203.699997,204.95910156751023
916,193.639999,203.41909356751023
917,209.970001,214.72909156751024
918,209.600006,211.35909556751022
919,217.649994,208.47909156751024
920,248.0,229.71909656751023
921,253.0,258.29908356751025
922,252.539993,260.96909656751023
923,244.809998,249.36909056751023
924,250.559998,236.97909156751024
925,254.839996,258.1991075675102
926,252.660004,256.43909756751026
927,252.940002,253.85909556751022
928,246.210007,252.65909856751023
929,238.839996,242.41909356751023
930,234.410004,236.21909656751023
931,241.490005,231.21909656751023
932,237.789993,243.50908956751024
933,230.970001,235.00908956751024
934,233.979996,234.66909356751023
935,240.039993,236.66909356751023
936,235.839996,241.10909556751022
937,234.910004,235.87910056751022
938,228.889999,235.73910056751023
939,220.169998,229.46909656751023
940,220.440002,223.85909556751022
941,212.960007,221.66909356751023
942,207.320007,212.08909156751022
943,212.369995,212.51909956751024
944,208.449997,216.21909656751023
945,216.970001,208.73910056751023
946,230.289993,219.71909656751023
947,225.399994,230.01909956751024
948,212.229996,225.72909156751024
949,207.520004,205.52909456751024
950,215.460007,209.76909956751024
951,216.929993,216.47909156751024
952,204.190002,216.53910356751024
953,203.779999,200.32909756751025
954,198.089996,207.31910256751024
955,193.910004,198.80909256751025
956,199.110001,196.71909656751023
957,198.119995,199.32909756751025
958,204.380005,196.79909856751024
959,218.639999,206.07909756751025
960,207.990005,216.04909856751024
961,207.860001,210.52909456751024
962,199.850006,201.71909656751023
963,198.509995,199.71909656751023
964,206.919998,197.92910356751023
965,207.889999,203.31910256751024
966,207.729996,206.79909856751024
967,210.910004,208.31910256751024
968,216.610001,209.19909256751023
969,207.279999,216.31910256751024
970,201.350006,209.35909556751022
971,178.589996,181.71909656751023
972,182.259995,179.57909756751025
973,184.669998,183.58909156751022
974,190.160004,183.47909156751024
975,190.619995,188.66909356751023
976,188.589996,189.69909256751023
977,191.559998,188.66909356751023
978,196.089996,190.43909756751023
979,195.300003,196.65909856751023
980,199.449997,195.89908956751023
981,204.880005,200.06910256751024
982,207.300003,204.24909556751024
983,211.559998,208.23910056751023
984,210.240005,209.73910056751023
985,210.240005,210.28910356751024
986,207.770004,210.01909956751024
987,204.699997,207.04909856751024
988,204.940002,203.20910156751023
989,203.990005,204.06910256751024
990,206.899994,204.18909756751023
991,208.169998,209.46909656751023
992,205.309998,207.66909356751023
993,202.300003,204.14908956751023
994,204.470001,201.21909656751023
995,203.520004,204.81910256751024
996,206.419998,204.49909556751024
997,224.610001,206.47909156751024
998,231.669998,223.82909756751025
999,227.119995,231.21909656751023
1000,227.789993,228.59910156751025
1001,229.589996,228.23910056751023
1002,237.220001,229.22909156751024
1003,232.5,238.68909756751023
1004,236.889999,232.76909956751024
1005,235.600006,236.88909456751023
1006,239.059998,234.40909856751023
1007,240.059998,239.26909956751024
1008,239.720001,242.17910356751023
1009,229.429993,240.37910056751022
1010,229.25,231.00908956751024
1011,222.660004,227.21909656751023
1012,219.070007,218.36909056751023
1013,223.059998,220.98910056751023
1014,219.460007,216.89908956751023
1015,218.130005,220.32909756751025
1016,226.699997,219.70910156751023
1017,219.580002,226.44909256751023
1018,217.160004,221.53910356751024
1019,215.399994,215.87910056751022
1020,220.020004,215.66909356751023
1021,220.539993,216.96909656751023
1022,219.580002,221.90909856751023
1023,222.490005,219.72909156751024
1024,223.539993,222.96909656751023
1025,223.570007,222.43909756751023
1026,224.820007,223.96909656751023
1027,225.009995,226.32909756751025
1028,228.919998,221.63909456751023
1029,223.300003,228.97909156751024
1030,233.270004,225.80909256751025
1031,238.520004,234.09910156751025
1032,238.490005,237.18909756751023
1033,248.929993,238.61909056751023
1034,252.389999,249.83909156751022
1035,248.130005,250.87910056751022
1036,259.320007,255.19909256751023
1037,259.959991,257.79908356751025
1038,260.309998,261.72910656751026
1039,261.380005,262.2090865675102
1040,262.01001,261.1991075675102
1041,259.940002,262.96909656751023
1042,256.76001,258.58909156751025
1043,255.710007,254.38909456751023
1044,254.339996,256.23908556751024
1045,256.779999,254.25908956751024
1046,262.549988,257.9090985675102
1047,261.73999,264.6991075675102
1048,263.25,263.21909656751023
1049,263.859985,261.60911156751024
1050,269.700012,268.41910856751025
1051,284.119995,275.21909656751023
1052,281.190002,287.3891095675102
1053,286.040009,283.72910656751026
1054,277.390015,282.2690845675102
1055,282.109985,277.33909156751025
1056,278.480011,282.7090865675102
1057,281.100006,279.21909656751023
1058,280.309998,280.17908756751024
1059,279.200012,280.21909656751023
1060,253.860001,274.08909156751025
1061,260.73999,254.86909056751023
1062,261.380005,262.12910056751025
1063,263.820007,263.07908156751023
1064,259.320007,257.7090865675102
1065,250.029999,254.71909656751023
1066,250.410004,244.93909756751023
1067,252.139999,250.83909156751022
1068,246.949997,252.23910056751023
1069,246.600006,247.96909656751023
1070,245.259995,243.71909656751023
1071,242.679993,246.63909456751023
1072,240.240005,241.91909356751023
1073,251.419998,249.91909356751023
1074,255.210007,252.77909456751024
1075,260.619995,258.8491015675102
1076,259.570007,258.2490955675102
1077,259.279999,259.81910256751024
1078,257.01001,261.96909656751023
1079,236.910004,244.35909556751022
1080,224.589996,238.28910356751024
1081,227.059998,227.96909656751023
1082,229.699997,219.71909656751023
1083,226.350006,219.43909756751023
1084,227.479996,233.09910156751025
1085,230.470001,226.43909756751023
1086,235.339996,233.98910056751023
1087,231.100006,232.90909856751023
1088,235.289993,234.37910056751022
1089,235.240005,235.98910056751023
1090,221.669998,233.96909656751023
1091,242.770004,229.31910256751024
1092,238.100006,240.84910156751025
1093,238.660004,237.85909556751022
1094,241.699997,242.22909156751024
1095,242.589996,242.71909656751023
1096,238.929993,240.20910156751023
1097,230.970001,240.71909656751023
1098,241.220001,234.20910156751023
1099,240.199997,241.90909856751023
1100,241.929993,238.82909756751025
1101,251.080002,242.26909956751024
1102,249.100006,249.43909756751023
1103,251.699997,250.33909156751022
1104,258.679993,249.71909656751023
1105,253.979996,257.2090865675102
1106,257.700012,255.57909756751025
1107,247.740005,250.32909756751025
1108,248.710007,247.66909356751023
1109,242.779999,251.92910356751023
1110,246.720001,244.91909356751023
1111,248.089996,247.06910256751024
1112,248.440002,248.05909256751025
1113,244.520004,245.06910256751024
1114,231.639999,240.87910056751022
1115,231.429993,234.28910356751024
1116,229.300003,225.96909656751023
1117,228.279999,228.31910256751024
1118,223.710007,228.38909456751023
1119,214.360001,221.25908956751024
1120,216.889999,209.05909256751025
1121,209.839996,213.84910156751025
1122,208.880005,210.24909556751024
1123,207.0,204.53910356751024
1124,204.039993,209.00908956751024
1125,197.809998,200.60909556751022
1126,205.820007,192.77909456751024
1127,218.259995,212.09910156751025
1128,219.289993,219.90909856751023
1129,222.600006,219.71909656751023
1130,220.970001,223.52909456751024
1131,222.259995,219.48910056751023
1132,227.820007,221.22909156751024
1133,225.710007,226.61909056751023
1134,222.229996,223.70910156751023
1135,222.410004,222.80909256751025
1136,219.309998,222.58909156751022
1137,210.089996,214.26909956751024
1138,211.279999,209.77909456751024
1139,210.949997,213.06910256751024
1140,210.619995,212.52909456751024
1141,206.660004,208.63909456751023
1142,202.210007,202.76909956751024
1143,204.25,203.03910356751024
1144,192.690002,185.54909856751024
1145,191.869995,194.20910156751023
1146,193.070007,190.41909356751023
1147,191.929993,193.58909156751022
1148,196.570007,189.26909956751024
1149,201.619995,196.71909656751023
1150,201.289993,200.00908956751024
1151,206.550003,201.54909856751024
1152,205.979996,204.13909456751023
1153,199.369995,205.82909756751025
1154,205.199997,200.78910356751024
1155,203.600006,203.67910356751023
1156,210.940002,203.68909756751023
1157,218.360001,212.93909756751023
1158,218.550003,218.00908956751024
1159,220.990005,219.59910156751025
1160,217.360001,221.71909656751023
1161,217.479996,215.09910156751025
1162,216.289993,217.26909956751024
1163,212.800003,211.92910356751023
1164,202.880005,193.28910356751024
1165,203.770004,202.61909056751023
1166,204.350006,205.41909356751023
1167,204.460007,203.88909456751023
1168,211.710007,204.71909656751023
1169,217.110001,210.49909556751024
1170,207.339996,215.37910056751022
1171,204.110001,207.00908956751024
1172,203.759995,204.65909856751023
1173,207.190002,203.71909656751023
1174,203.339996,206.61909056751023
1175,197.330002,202.41909356751023
1176,199.559998,196.52909456751024
1177,202.440002,198.96909656751023
1178,200.630005,202.56910256751024
1179,193.880005,198.92910356751023
1180,190.880005,194.10909556751022
1181,190.320007,188.17910356751023
1182,193.740005,190.86909056751023
1183,191.070007,193.46909656751023
1184,188.679993,188.66909356751023
1185,195.699997,191.71909656751023
1186,194.729996,195.14908956751023
1187,200.710007,194.67910356751023
1188,195.649994,201.71909656751023
1189,198.080002,197.16909356751023
1190,199.630005,198.21909656751023
1191,201.720001,201.29909856751024
1192,194.300003,197.98910056751023
1193,190.410004,193.63909456751023
1194,185.0,188.78910356751024
1195,190.570007,185.56910256751024
1196,188.770004,193.24909556751024
1197,187.589996,188.41909356751023
1198,191.0,189.94909256751023
1199,203.100006,197.71909656751023
1200,203.25,202.22909156751024
1201,207.669998,207.91909356751023
1202,210.089996,208.14908956751023
1203,210.899994,209.56910256751024
1204,209.779999,210.15909856751023
1205,207.460007,208.28910356751024
1206,207.830002,207.17910356751023
1207,206.699997,207.41909356751023
1208,206.789993,204.70910156751023
1209,205.270004,206.49909556751024
1210,209.410004,205.51909956751024
1211,219.440002,212.21909656751023
1212,218.600006,217.98910056751023
1213,218.429993,220.21909656751023
1214,231.550003,222.27909456751024
1215,230.479996,234.46909656751023
1216,232.449997,229.76909956751024
1217,226.050003,230.10909556751022
1218,226.029999,229.65909856751023
1219,230.509995,227.89908956751023
1220,232.949997,237.47909156751024
1221,230.429993,233.81910256751024
1222,236.800003,220.71909656751023
1223,236.610001,235.70910156751023
1224,239.490005,236.00908956751024
1225,244.740005,239.82909756751025
1226,243.179993,247.32909756751025
1227,244.100006,244.53910356751024
1228,248.839996,243.64908956751023
1229,248.75,246.71909656751023
1230,247.139999,248.14908956751023
1231,244.350006,246.84910156751025
1232,245.619995,242.74909556751024
1233,247.729996,245.09910156751025
1234,247.460007,247.39908956751023
1235,247.429993,248.22909156751024
1236,251.449997,246.74909556751024
1237,250.800003,250.71909656751023
1238,249.449997,251.12910056751022
1239,248.350006,248.63909456751023
1240,248.990005,247.91909356751023
1241,245.919998,247.21909656751023
1242,249.139999,245.71909656751023
1243,256.290009,250.56910256751024
1244,256.0,255.11909056751023
1245,250.699997,251.61909056751023
1246,251.410004,252.97909156751024
1247,250.690002,249.92910356751023
1248,250.380005,249.41909356751023
1249,253.119995,249.84910156751025
1250,260.410004,251.88909456751023
1251,261.890015,261.71909656751023
1252,262.51001,262.1190905675102
1253,259.790009,261.8690905675102
1254,267.670013,260.0391035675102
1255,265.170013,266.6991075675102
1256,268.790009,266.16910856751025
1257,267.089996,268.60911156751024
1258,262.019989,261.66910856751025
1259,268.26001,264.5190845675102
1260,269.149994,270.82908156751023
1261,280.019989,279.91910856751025
1262,279.720001,278.5991015675102
1263,267.880005,274.71909656751023
1264,254.960007,259.0391035675102
1265,257.920013,258.79908356751025
1266,259.149994,261.93909756751026
1267,262.160004,261.96909656751023
1268,265.649994,261.81910256751024
1269,263.140015,266.4590865675102
1270,266.679993,263.93909756751026
1271,274.660004,272.21909656751023
1272,282.26001,274.71909656751023
1273,266.769989,269.7690845675102
1274,267.869995,260.98908556751024
1275,267.200012,269.3690905675102
1276,265.410004,267.0991015675102
1277,253.009995,262.14908956751026
1278,264.820007,255.46909656751023
1279,263.820007,263.98908556751024
1280,266.790009,262.4090985675102
1281,266.149994,267.31910256751024
1282,259.98999,266.00910556751023
1283,266.279999,259.72910656751026
1284,270.130005,263.29908356751025
1285,246.130005,249.25908956751024
1286,242.509995,243.29909856751024
1287,241.139999,237.86909056751023
1288,237.369995,236.86909056751023
1289,238.169998,234.71909656751023
1290,242.509995,239.57909756751025
1291,243.149994,246.95910156751023
1292,254.990005,255.27909456751024
1293,260.720001,255.09910156751025
1294,255.25,260.04908356751025
1295,242.179993,251.77909456751024
1296,230.770004,235.71909656751023
1297,218.869995,202.50908956751024
1298,220.029999,230.23910056751023
1299,224.839996,227.64908956751023
1300,242.990005,230.71909656751023
1301,248.479996,241.57909756751025
1302,249.059998,245.33909156751022
1303,238.630005,240.05909256751025
1304,247.690002,245.01909956751024
1305,245.570007,251.77909456751024
1306,241.929993,240.60909556751022
1307,248.169998,244.76909956751024
1308,248.910004,251.76909956751024
1309,248.479996,246.94909256751023
1310,250.240005,247.35909556751022
1311,253.190002,250.81910256751024
1312,253.570007,252.46909656751023
1313,262.25,252.75908956751024
1314,262.070007,263.67908756751024
1315,260.619995,257.67908756751024
1316,264.200012,263.6991075675102
1317,260.940002,258.7490955675102
1318,261.059998,261.66910856751025
1319,263.119995,259.2490955675102
1320,256.910004,266.32908156751023
1321,248.429993,257.06910256751024
1322,246.649994,250.17910356751023
1323,248.399994,251.71909656751023
1324,239.880005,247.22909156751024
1325,247.570007,235.31910256751024
1326,246.149994,248.55909256751025
1327,241.460007,239.71909656751023
1328,231.960007,236.34910156751025
1329,226.720001,229.79909856751024
1330,220.690002,220.64908956751023
1331,215.580002,222.70910156751023
1332,219.25,212.99909556751024
1333,216.880005,220.38909456751023
1334,221.309998,216.14908956751023
1335,227.009995,222.75908956751024
1336,228.100006,226.21909656751023
1337,213.029999,227.43909756751023
1338,210.089996,211.70910156751023
1339,211.720001,211.27909456751024
1340,209.089996,214.71909656751023
1341,215.259995,211.09910156751025
1342,210.350006,214.55909256751025
1343,212.960007,211.02909456751024
1344,211.630005,211.46909656751023
1345,206.929993,210.11909056751023
1346,213.789993,208.63909456751023
1347,208.350006,213.56910256751024
1348,231.630005,226.71909656751023
1349,231.770004,230.29909856751024
1350,232.360001,230.41909356751023
1351,225.330002,232.70910156751023
1352,216.5,223.19909256751023
1353,219.080002,217.48910056751023
1354,212.940002,217.56910256751024
1355,207.190002,212.66909356751023
1356,214.309998,205.80909256751025
1357,214.0,214.91909356751023
1358,221.070007,214.21909656751023
1359,221.800003,220.25908956751024
1360,220.009995,223.20910156751023
1361,217.75,217.06910256751024
1362,218.25,215.08909156751022
1363,229.639999,221.05909256751025
1364,231.610001,230.77909456751024
1365,230.259995,231.50908956751024
1366,237.190002,230.77909456751024
1367,231.990005,236.71909656751023
1368,232.710007,235.19909256751023
1369,230.380005,232.17910356751023
1370,231.130005,227.41909356751023
1371,226.720001,227.23910056751023
1372,224.520004,226.41909356751023
1373,227.070007,224.42910356751023
1374,217.020004,224.95910156751023
1375,218.580002,217.22909156751024
1376,221.089996,221.53910356751024
1377,234.509995,221.81910256751024
1378,233.389999,233.65909856751023
1379,230.460007,232.60909556751022
1380,232.559998,231.40909856751023
1381,229.949997,234.70910156751023
1382,229.699997,231.89908956751023
1383,230.570007,230.27909456751024
1384,228.949997,231.20910156751023
1385,237.190002,229.77909456751024
1386,238.089996,236.31910256751024
1387,240.009995,238.22909156751024
1388,223.410004,230.43909756751023
1389,223.429993,226.07909756751025
1390,219.039993,219.71909656751023
1391,215.649994,213.90909856751023
1392,211.0,217.57909756751025
1393,207.850006,213.72909156751024
1394,209.970001,211.31910256751024
1395,200.309998,211.72909156751024
1396,206.179993,201.92910356751023
1397,204.990005,198.68909756751023
1398,204.720001,208.42910356751023
1399,198.699997,199.11909056751023
1400,199.970001,201.26909956751024
1401,202.550003,204.51909956751024
1402,196.380005,199.77909456751024
1403,193.559998,196.41909356751023
1404,188.070007,192.09910156751025
1405,189.699997,190.50908956751024
1406,191.199997,189.66909356751023
1407,196.940002,188.47909156751024
1408,182.779999,192.13909456751023
1409,173.479996,183.30909256751025
1410,175.330002,170.41909356751023
1411,162.600006,171.01909956751024
1412,147.990005,156.81910256751024
1413,148.25,142.03910356751024
1414,143.669998,150.21909656751023
1415,150.470001,151.71909656751023
1416,151.039993,154.71909656751023
1417,155.169998,158.41909356751023
1418,168.679993,158.71909656751023
1419,166.770004,172.13909456751023
1420,166.580002,163.37910056751022
1421,177.740005,169.83909156751022
1422,177.210007,175.87910056751022
1423,179.0,172.46909656751023
1424,187.429993,178.36909056751023
1425,190.339996,188.41909356751023
1426,191.929993,192.11909056751023
1427,186.350006,193.96909656751023
1428,188.339996,183.44909256751023
1429,195.740005,187.99909556751024
1430,201.039993,197.71909656751023
1431,205.289993,197.39908956751023
1432,202.600006,203.21909656751023
1433,208.720001,204.23910056751023
1434,205.179993,209.71909656751023
1435,207.5,207.64908956751023
1436,215.149994,212.36909056751023
1437,218.339996,213.98910056751023
1438,221.929993,217.71909656751023
1439,226.380005,221.18909756751023
1440,232.740005,228.81910256751024
1441,238.320007,235.05909256751025
1442,234.240005,236.92910356751023
1443,222.580002,232.08909156751022
1444,227.75,215.49909556751024
1445,230.259995,231.32909756751025
1446,230.130005,229.60909556751022
1447,226.889999,234.80909256751025
1448,229.770004,229.05909256751025
1449,237.589996,244.54909856751024
1450,246.990005,248.83909156751022
1451,255.470001,240.21909656751023
1452,265.420013,253.68909756751023
1453,257.200012,266.16910856751025
1454,250.070007,260.21909656751023
1455,249.919998,250.71909656751023
1456,247.820007,249.21909656751023
1457,254.529999,248.22909156751024
1458,251.860001,252.71909656751023
1459,254.509995,251.02909456751024
1460,253.880005,251.94909256751023
1461,247.369995,252.83909156751022
1462,249.970001,245.97909156751024
1463,248.289993,248.70910156751023
1464,253.75,248.60909556751022
1465,251.820007,252.72909156751024
1466,253.740005,251.76909956751024
1467,251.470001,252.46909656751023
1468,247.710007,249.56910256751024
1469,240.759995,247.85909556751022
1470,241.800003,241.21909656751023
1471,232.320007,237.07909756751025
1472,222.559998,230.00908956751024
1473,211.529999,228.17910356751023
1474,214.929993,210.58909156751022
1475,208.919998,215.43909756751023
1476,208.690002,207.26909956751024
1477,208.960007,207.30909256751025
1478,207.279999,211.15909856751023
1479,207.610001,207.49909556751024
1480,208.289993,207.86909056751023
1481,204.660004,208.76909956751024
1482,211.169998,208.86909056751023
1483,215.210007,213.33909156751022
1484,220.279999,216.70910156751023
1485,216.220001,219.58909156751022
1486,217.910004,216.31910256751024
1487,219.580002,217.62910056751022
1488,225.119995,220.21909656751023
1489,223.039993,224.70910156751023
1490,223.229996,222.75908956751024
1491,219.559998,221.19909256751023
1492,218.960007,219.30909256751025
1493,218.990005,219.71909656751023
1494,220.679993,217.71909656751023
1495,232.339996,221.95910156751023
1496,235.520004,233.51909956751024
1497,229.360001,234.69909256751023
1498,218.789993,227.10909556751022
1499,217.869995,219.21909656751023
1500,214.960007,218.59910156751025
1501,217.699997,216.66909356751023
1502,217.929993,217.13909456751023
1503,215.470001,217.52909456751024
1504,219.699997,219.21909656751023
1505,219.610001,220.39908956751023
1506,196.660004,199.18909756751023
1507,196.399994,195.40909856751023
1508,193.149994,189.76909956751024
1509,198.550003,190.57909756751025
1510,201.789993,201.60909556751022
1511,210.190002,204.84910156751025
1512,212.279999,212.68909756751023
1513,216.5,205.85909556751022
1514,213.979996,209.44909256751023
1515,214.440002,209.71909656751023
1516,215.940002,212.81910256751024
1517,216.779999,217.51909956751024
1518,224.779999,219.67910356751023
1519,224.649994,223.81910256751024
1520,222.529999,225.21909656751023
1521,221.529999,222.83909156751022
1522,220.399994,222.23910056751023
1523,226.25,219.35909556751022
1524,225.259995,224.71909656751023
1525,228.360001,226.18909756751023
1526,220.5,225.71909656751023
1527,222.270004,221.70910156751023
1528,230.009995,221.98910056751023
1529,229.509995,227.40909856751023
1530,228.490005,229.05909256751025
1531,230.610001,227.66909356751023
1532,234.789993,230.41909356751023
1533,230.009995,235.21909656751023
1534,227.199997,229.08909156751022
1535,225.789993,227.08909156751022
1536,230.610001,225.40909856751023
1537,230.029999,229.71909656751023
1538,226.160004,227.71909656751023
1539,229.080002,226.53910356751024
1540,225.649994,227.95910156751023
1541,224.910004,225.88909456751023
1542,225.610001,225.12910056751022
1543,225.589996,225.73910056751023
1544,223.610001,225.20910156751023
1545,223.240005,224.04909856751024
1546,223.509995,223.53910356751024
1547,225.0,223.25908956751024
1548,222.929993,223.88909456751023
1549,224.839996,224.03910356751024
1550,222.619995,226.76909956751024
1551,220.960007,222.82909756751025
1552,219.990005,221.85909556751022
1553,215.199997,219.86909056751023
1554,211.339996,215.82909756751025
1555,212.009995,210.14908956751023
1556,200.770004,208.72909156751024
1557,197.779999,202.04909856751024
1558,202.830002,198.73910056751023
1559,201.710007,205.21909656751023
1560,197.360001,199.26909956751024
1561,194.470001,198.80909256751025
1562,198.300003,194.71909656751023
1563,196.050003,196.77909456751024
1564,196.410004,195.46909656751023
1565,200.419998,196.20910156751023
1566,205.399994,200.13909456751023
1567,206.339996,206.71909656751023
1568,204.639999,206.56910256751024
1569,205.220001,206.08909156751022
1570,206.429993,206.11909056751023
1571,207.449997,205.70910156751023
1572,208.990005,206.21909656751023
1573,205.809998,209.36909056751023
1574,206.270004,207.22909156751024
1575,200.699997,205.31910256751024
1576,204.029999,201.92910356751023
1577,213.699997,212.01909956751024
1578,211.410004,212.81910256751024
1579,208.460007,211.95910156751023
1580,201.0,202.17910356751023
1581,196.610001,200.71909656751023
1582,200.949997,201.06910256751024
1583,200.100006,201.56910256751024
1584,201.509995,200.66909356751023
1585,200.240005,200.21909656751023
1586,196.509995,200.37910056751022
1587,193.960007,196.76909956751024
1588,199.100006,195.70910156751023
1589,203.559998,199.45910156751023
1590,199.100006,201.83909156751022
1591,200.089996,198.31910256751024
1592,202.759995,200.71909656751023
1593,202.339996,202.61909056751023
1594,202.240005,200.71909656751023
1595,204.009995,211.05909256751025
1596,199.970001,203.71909656751023
1597,197.729996,202.20910156751023
1598,190.789993,197.75908956751024
1599,188.020004,189.76909956751024
1600,187.419998,188.71909656751023
1601,190.559998,188.71909656751023
1602,193.210007,193.30909256751025
1603,194.940002,193.50908956751024
1604,190.059998,186.59910156751025
1605,185.350006,190.76909956751024
1606,188.559998,183.95910156751023
1607,181.449997,187.71909656751023
1608,183.770004,182.49909556751024
1609,183.929993,182.36909056751023
1610,188.660004,183.20910156751023
1611,185.020004,190.36909056751023
1612,184.520004,184.75908956751024
1613,191.169998,185.55909256751025
1614,193.139999,190.32909756751025
1615,196.649994,193.35909556751022
1616,196.119995,195.19909256751023
1617,189.570007,195.27909456751024
1618,189.399994,190.71909656751023
1619,181.880005,187.96909656751023
1620,181.470001,182.59910156751025
1621,186.800003,182.22909156751024
1622,185.850006,185.23910056751023
1623,193.149994,185.86909056751023
1624,192.289993,191.76909956751024
1625,192.179993,190.58909156751022
1626,192.429993,192.51909956751024
1627,198.149994,192.89908956751023
1628,198.690002,198.45910156751023
1629,197.580002,198.12910056751022
1630,202.490005,197.79909856751024
1631,202.729996,202.20910156751023
1632,208.789993,202.76909956751024
1633,207.699997,208.16909356751023
1634,208.449997,207.93909756751023
1635,213.339996,207.71909656751023
1636,219.529999,214.59910156751025
1637,219.740005,221.24909556751024
1638,214.679993,218.27909456751024
1639,213.690002,216.01909956751024
1640,216.990005,214.57909756751025
1641,226.990005,214.46909656751023
1642,226.75,226.13909456751023
1643,229.009995,226.64908956751023
1644,231.279999,228.68909756751023
1645,229.869995,231.71909656751023
1646,229.729996,228.78910356751024
1647,229.589996,228.77909456751024
1648,237.75,229.71909656751023
1649,235.580002,236.41909356751023
1650,238.360001,236.36909056751023
1651,243.759995,246.96909656751023
1652,244.729996,245.17910356751023
1653,248.919998,245.56910256751024
1654,254.610001,249.71909656751023
1655,254.470001,257.02909456751024
1656,252.509995,254.00908956751024
1657,252.949997,251.09910156751025
1658,250.630005,252.24909556751024
1659,251.929993,248.95910156751023
1660,249.240005,252.76909956751024
1661,251.550003,248.05909256751025
1662,251.330002,251.62910056751022
1663,257.769989,250.71909656751023
1664,257.480011,257.9090985675102
1665,262.079987,257.06910256751024
1666,269.200012,265.96909656751023
1667,269.230011,269.50910556751023
1668,280.600006,270.4590865675102
1669,280.980011,278.7490955675102
1670,279.76001,279.71909656751023
1671,268.950012,277.31910256751024
1672,272.230011,265.5190845675102
1673,277.390015,275.16910856751025
1674,273.51001,280.02909456751024
1675,255.990005,263.71909656751023
1676,257.0,252.37910056751022
1677,246.229996,247.88909456751023
1678,249.990005,243.90909856751023
1679,250.020004,253.89908956751023
1680,250.479996,249.42910356751023
1681,251.570007,250.45910156751023
1682,251.210007,247.62910056751022
1683,248.589996,251.63909456751023
1684,246.869995,246.71909656751023
1685,244.899994,247.34910156751025
1686,243.690002,245.92910356751023
1687,246.169998,244.53910356751024
1688,258.0,245.82909756751025
1689,255.729996,256.71909656751023
1690,262.049988,262.1190905675102
1691,261.5,263.71909656751023
1692,261.920013,260.31910256751024
1693,250.679993,262.54908356751025
1694,255.009995,251.27909456751024
1695,254.779999,255.10909556751022
1696,263.160004,255.41909356751023
1697,270.220001,260.31910256751024
1698,277.450012,276.73908556751024
1699,277.380005,278.0590925675102
1700,277.920013,277.75910556751023
1701,278.299988,278.4491075675102
1702,298.519989,286.6190905675102
1703,303.700012,296.60911156751024
1704,295.0,301.75910556751023
1705,298.700012,296.5991015675102
1706,302.540009,297.21909656751023
1707,312.390015,308.8690905675102
1708,308.709991,313.0991015675102
1709,296.839996,306.0590925675102
1710,304.0,296.41910856751025
1711,301.440002,302.41910856751025
1712,300.25,299.41910856751025
1713,305.519989,302.17908756751024
1714,302.51001,306.22910656751026
1715,305.600006,301.71909656751023
1716,308.029999,308.93909756751026
1717,313.790009,307.71909656751023
1718,310.170013,312.08909156751025
1719,308.630005,311.4090985675102
1720,314.070007,309.54908356751025
1721,322.829987,314.5991015675102
1722,318.890015,323.71909656751023
1723,311.019989,317.3891095675102
1724,295.459991,307.1590985675102
1725,308.350006,297.71909656751023
1726,307.190002,310.6190905675102
1727,321.26001,309.0991015675102
1728,325.220001,321.27909456751024
1729,323.100006,323.1190905675102
1730,324.809998,325.1991075675102
1731,315.880005,318.0991015675102
1732,317.01001,317.3090925675102
1733,306.109985,314.10911156751024
1734,313.059998,306.71909656751023
1735,310.829987,315.21909656751023
1736,310.350006,312.5190845675102
1737,303.859985,310.17908756751024
1738,310.220001,306.22910656751026
1739,316.829987,310.73908556751024
1740,325.140015,316.9990955675102
1741,335.100006,325.71909656751023
1742,341.01001,337.4090985675102
1743,340.369995,343.71909656751023
1744,339.850006,339.48908556751024
1745,347.320007,338.21909656751023
1746,352.850006,344.41910856751025
1747,359.649994,356.0590925675102
1748,370.0,363.46909656751023
1749,357.320007,374.1391095675102
1750,359.01001,357.7090865675102
1751,375.950012,367.33909156751025
1752,380.660004,380.8090925675102
1753,375.339996,372.21909656751023
1754,371.399994,377.6991075675102
1755,369.799988,374.71909656751023
1756,372.23999,376.3891095675102
1757,376.399994,374.06910256751024
1758,382.609985,377.7090865675102
1759,383.450012,382.16910856751025
1760,377.48999,386.4090985675102
1761,362.369995,376.1190905675102
1762,371.23999,366.39908956751026
1763,360.75,370.32908156751023
1764,361.609985,363.42908756751024
1765,352.619995,369.9590865675102
1766,327.089996,346.91910856751025
1767,308.829987,316.97910656751026
1768,313.220001,313.21909656751023
1769,316.049988,312.6190905675102
1770,327.220001,315.71909656751023
1771,329.519989,330.1190905675102
1772,323.410004,329.82908156751023
1773,327.779999,322.9090985675102
1774,319.570007,325.25910556751023
1775,328.23999,317.21909656751023
1776,325.26001,327.9491075675102
1777,329.920013,326.6190905675102
1778,328.399994,329.17908756751024
1779,342.519989,329.9590865675102
1780,339.600006,344.71909656751023
1781,343.850006,340.07908156751023
1782,334.459991,345.71909656751023
1783,335.070007,336.60911156751024
1784,323.470001,335.21909656751023
1785,319.570007,322.71909656751023
1786,325.890015,318.6590985675102
1787,347.089996,345.04908356751025
1788,356.910004,346.71909656751023
1789,355.170013,357.06910256751024
1790,365.220001,357.2490955675102
1791,363.529999,360.71909656751023
1792,355.399994,361.31910256751024
1793,357.869995,356.68909756751026
1794,363.799988,364.3491015675102
1795,362.329987,364.91910856751025
1796,362.910004,362.71909656751023
1797,351.920013,360.92908756751024
1798,347.459991,352.62910056751025
1799,337.859985,345.5391035675102
1800,341.350006,340.8491015675102
1801,352.769989,338.7090865675102
1802,352.929993,352.23908556751024
1803,348.049988,353.9590865675102
1804,345.660004,346.9990955675102
1805,347.359985,339.1991075675102
1806,353.179993,349.3891095675102
1807,355.899994,353.2690845675102
1808,355.399994,355.83909156751025
1809,349.589996,353.5190845675102
1810,344.529999,349.21909656751023
1811,350.609985,345.6991075675102
1812,343.399994,348.7090865675102
1813,363.690002,351.06910256751024
1814,362.75,364.2090865675102
1815,366.230011,363.5391035675102
1816,377.640015,364.04908356751025
1817,379.809998,374.22910656751026
1818,385.0,379.96909656751023
1819,375.100006,379.71909656751023
1820,373.910004,372.71909656751023
1821,366.480011,374.6190905675102
1822,351.089996,366.2090865675102
1823,344.98999,352.8690905675102
1824,345.25,350.64908956751026
1825,340.970001,349.6190905675102
1826,339.600006,339.5991015675102
1827,341.100006,341.57908156751023
1828,341.529999,342.23908556751024
1829,348.140015,335.6190905675102
1830,355.01001,350.96909656751023
1831,355.329987,355.71909656751023
1832,356.880005,352.81910256751024
1833,342.940002,349.3690905675102
1834,355.589996,346.5190845675102
1835,354.600006,353.60911156751024
1836,355.679993,352.66910856751025
1837,355.570007,356.6991075675102
1838,350.600006,353.47910656751026
1839,355.75,350.62910056751025
1840,359.649994,355.68909756751026
1841,351.809998,355.27909456751024
1842,345.100006,352.4090985675102
1843,337.019989,349.5991015675102
1844,337.339996,338.5190845675102
1845,325.839996,336.41910856751025
1846,326.170013,327.4990955675102
1847,320.869995,319.46909656751023
1848,320.079987,318.89908956751026
1849,331.529999,319.9491075675102
1850,321.079987,331.96909656751023
1851,299.26001,299.8491015675102
1852,306.089996,299.21909656751023
1853,302.779999,306.71909656751023
1854,306.049988,300.73908556751024
1855,304.390015,305.21909656751023
1856,302.98999,302.21909656751023
1857,302.98999,302.21909656751023
1858,315.399994,299.8491015675102
1859,308.700012,314.71909656751023
1860,311.299988,305.72910656751026
1861,312.5,313.7090865675102
1862,315.049988,325.3891095675102
1863,308.73999,313.50910556751023
1864,317.809998,310.57908156751023
1865,312.600006,316.48908556751024
1866,315.549988,313.50910556751023
1867,316.809998,312.96909656751023
1868,317.549988,316.07908156751023
1869,307.540009,317.0190845675102
1870,308.850006,308.27909456751024
1871,306.529999,305.1590985675102
1872,305.200012,306.21909656751023
1873,303.700012,301.71909656751023
1874,313.26001,299.81910256751024
1875,311.23999,311.71909656751023
1876,315.130005,314.31910256751024
1877,328.910004,314.3491015675102
1878,341.029999,330.16910856751025
1879,339.029999,340.64908956751026
1880,337.890015,340.72910656751026
1881,343.450012,341.75910556751023
1882,338.869995,344.6190905675102
1883,331.100006,339.97910656751026
1884,328.980011,332.4090985675102
1885,331.660004,329.3090925675102
1886,325.200012,329.22910656751026
1887,317.290009,323.54908356751025
1888,311.640015,315.71909656751023
1889,315.359985,311.46909656751023
1890,311.350006,315.89908956751026
1891,320.529999,311.71909656751023
1892,317.25,320.71909656751023
1893,314.619995,312.58909156751025
1894,316.579987,316.33909156751025
1895,336.410004,315.71909656751023
1896,333.690002,334.87910056751025
1897,334.799988,331.91910856751025
1898,337.950012,334.9590865675102
1899,336.220001,338.3491015675102
1900,340.059998,337.25910556751023
1901,347.160004,340.18909756751026
1902,344.570007,345.3891095675102
1903,350.019989,344.71909656751023
1904,351.559998,349.1190905675102
1905,352.790009,359.71909656751023
1906,345.890015,354.29908356751025
1907,337.640015,347.98908556751024
1908,342.850006,341.21909656751023
1909,349.529999,339.56910256751024
1910,345.820007,344.85911156751024
1911,354.309998,347.22910656751026
1912,349.25,350.71909656751023
1913,343.75,348.1590985675102
1914,333.130005,337.68909756751026
1915,333.970001,324.92908756751024
1916,345.0,338.7090865675102
1917,315.230011,343.02909456751024
1918,310.420013,319.64908956751026
1919,315.730011,315.8491015675102
1920,323.660004,314.73908556751024
1921,322.309998,320.5590925675102
1922,334.070007,324.21909656751023
1923,335.48999,332.21909656751023
1924,334.769989,334.18909756751026
1925,333.299988,335.7490955675102
1926,346.170013,335.2490955675102
1927,352.049988,347.54908356751025
1928,357.420013,353.21909656751023
1929,350.98999,355.96909656751023
1930,343.059998,352.2891035675102
1931,330.929993,344.72910656751026
1932,335.119995,326.6991075675102
1933,333.350006,332.10911156751024
1934,328.200012,333.46909656751023
1935,332.299988,325.1590985675102
1936,329.100006,332.57908156751023
1937,327.170013,323.81910256751024
1938,345.51001,328.32908156751023
1939,341.839996,328.32908156751023
1940,326.630005,336.47910656751026
1941,325.600006,329.0991015675102
1942,321.350006,322.64908956751026
1943,313.559998,316.21909656751023
1944,310.549988,314.58909156751025
1945,316.529999,309.96909656751023
1946,309.100006,313.60911156751024
1947,301.540009,310.96909656751023
1948,304.179993,307.0590925675102
1949,279.179993,303.71909656751023
1950,257.779999,264.29908356751025
1951,266.130005,256.2090865675102
1952,252.479996,255.97910656751026
1953,267.529999,269.5391035675102
1954,286.940002,252.49909556751024
1955,305.720001,289.0590925675102
1956,299.299988,300.71909656751023
1957,289.660004,300.08909156751025
1958,304.700012,298.68909756751026
1959,300.929993,300.4590865675102
1960,294.079987,302.0391035675102
1961,300.339996,303.31910256751024
1962,291.209991,298.71909656751023
1963,287.690002,288.58909156751025
1964,293.350006,290.79908356751025
1965,300.079987,290.79908356751025
1966,290.23999,294.8891095675102
1967,283.369995,291.00910556751023
1968,283.459991,284.71909656751023
1969,280.690002,283.21909656751023
1970,285.480011,278.46909656751023
1971,294.079987,285.08909156751025
1972,293.899994,293.32908156751023
1973,299.920013,293.22910656751026
1974,301.149994,298.2891035675102
1975,284.450012,278.50910556751023
1976,294.089996,282.71909656751023
1977,302.769989,297.21909656751023
1978,301.970001,300.5190845675102
1979,306.850006,300.12910056751025
1980,305.019989,307.21909656751023
1981,301.059998,307.41910856751025
1982,291.970001,303.0391035675102
1983,284.179993,284.72910656751026
1984,286.480011,283.54908356751025
1985,284.540009,285.6190905675102
1986,276.820007,284.3690905675102
1987,284.48999,281.04908356751025
1988,275.01001,287.47910656751026
1989,279.070007,277.47910656751026
1990,277.850006,278.1190905675102
1991,278.850006,277.3491015675102
1992,283.76001,278.22910656751026
1993,291.720001,283.00910556751023
1994,284.730011,286.92908756751024
1995,291.820007,285.57908156751023
1996,296.73999,294.0590925675102
1997,291.130005,297.41910856751025
1998,319.5,300.21909656751023
1999,316.089996,315.8690905675102
2000,317.660004,318.71909656751023
2001,332.100006,322.22910656751026
2002,342.769989,344.41910856751025
2003,344.779999,346.42908756751024
2004,357.720001,347.3491015675102
2005,358.170013,353.5590925675102
2006,370.829987,355.1190905675102
2007,352.549988,364.87910056751025
2008,362.220001,357.75910556751023
2009,347.51001,361.71909656751023
2010,333.630005,351.25910556751023
2011,333.01001,329.83909156751025
2012,342.0,335.7690845675102
2013,344.5,344.71909656751023
2014,349.929993,348.37910056751025
2015,342.950012,353.04908356751025
2016,335.070007,359.7891035675102
2017,310.859985,331.46909656751023
2018,309.160004,313.47910656751026
2019,308.899994,304.66910856751025
2020,318.51001,311.7090865675102
2021,322.470001,324.27909456751024
2022,318.959991,315.5190845675102
2023,316.709991,321.14908956751026
2024,318.869995,315.29908356751025
2025,310.100006,311.42908756751024
2026,322.690002,308.52909456751024
2027,323.850006,324.71909656751023
2028,320.230011,316.04908356751025
2029,313.579987,320.9491075675102
2030,303.200012,301.5590925675102
2031,297.429993,304.1391095675102
2032,308.73999,296.4590865675102
2033,306.649994,304.56910256751024
2034,297.179993,306.96909656751023
2035,290.170013,295.6190905675102
2036,298.140015,291.96909656751023
2037,300.839996,297.7090865675102
2038,349.540009,328.1590985675102
2039,348.170013,347.52909456751024
2040,341.98999,345.17908756751024
2041,379.570007,343.5590925675102
2042,370.339996,368.8090925675102
2043,352.450012,365.2690845675102
2044,355.48999,353.71909656751023
2045,356.410004,360.8491015675102
2046,347.640015,358.16910856751025
2047,338.690002,341.62910056751025
2048,335.450012,339.62910056751025
2049,305.5,323.21909656751023
2050,308.440002,291.41910856751025
2051,321.899994,310.32908156751023
2052,321.640015,320.58909156751025
2053,320.100006,318.85911156751024
2054,322.820007,320.41910856751025
2055,319.269989,317.71909656751023
2056,311.859985,318.12910056751025
2057,305.01001,309.98908556751024
2058,303.149994,301.97910656751026
2059,301.660004,301.71909656751023
2060,288.950012,296.6590985675102
2061,280.73999,284.7690845675102
2062,280.950012,284.5190845675102
2063,263.23999,259.81910256751024
2064,285.5,272.97910656751026
2065,279.440002,279.18909756751026
2066,290.540009,281.1590985675102
2067,289.459991,287.73908556751024
2068,295.200012,288.47910656751026
2069,294.839996,289.75910556751023
2070,284.959991,296.4090985675102
2071,299.019989,280.22910656751026
2072,298.329987,303.27909456751024
2073,299.100006,297.41910856751025
2074,299.679993,298.1991075675102
2075,300.98999,299.71909656751023
2076,309.579987,301.62910056751025
2077,307.519989,312.6190905675102
2078,264.769989,269.97910656751026
2079,310.700012,305.48908556751024
2080,301.019989,313.66910856751025
2081,294.799988,303.04908356751025
2082,281.829987,293.66910856751025
2083,261.950012,274.3690905675102
2084,250.559998,264.23908556751024
2085,262.799988,254.96909656751023
2086,256.880005,264.32908156751023
2087,252.229996,257.2490955675102
2088,258.779999,260.71909656751023
2089,259.589996,258.77909456751024
2090,276.589996,265.41910856751025
2091,271.779999,282.1190905675102
2092,263.910004,269.00910556751023
2093,260.0,267.10911156751024
2094,260.950012,260.39908956751026
2095,294.140015,263.58909156751025
2096,288.5,300.7690845675102
2097,314.859985,316.93909756751026
2098,330.899994,307.96909656751023
2099,334.850006,337.18909756751026
2100,329.899994,328.10911156751024
2101,337.320007,332.25910556751023
2102,344.279999,337.97910656751026
2103,346.410004,343.4590865675102
2104,341.399994,340.21909656751023
2105,341.059998,338.7891035675102
2106,348.160004,343.0590925675102
2107,351.399994,348.21909656751023
2108,350.51001,348.71909656751023
2109,331.279999,348.08909156751025
2110,338.730011,332.87910056751025
2111,344.0,342.41910856751025
2112,348.440002,342.04908356751025
2113,354.309998,344.9090985675102
2114,353.470001,356.0590925675102
2115,347.48999,341.46909656751023
2116,338.190002,351.71909656751023
2117,325.829987,334.06910256751024
2118,346.0,324.71909656751023
2119,343.920013,339.7690845675102
2120,347.869995,345.7090865675102
2121,341.170013,346.71909656751023
2122,350.480011,341.54908356751025
2123,358.48999,359.71909656751023
2124,359.700012,355.7690845675102
2125,363.059998,355.72910656751026
2126,357.970001,368.71909656751023
2127,365.149994,359.71909656751023
2128,366.76001,369.62910056751025
2129,366.600006,369.1391095675102
2130,376.790009,369.8690905675102
2131,365.709991,374.71909656751023
2132,348.420013,361.71909656751023
2133,337.029999,350.25910556751023
2134,332.970001,337.31910256751024
2135,315.380005,326.7690845675102
2136,319.769989,317.1190905675102
2137,295.390015,313.21909656751023
2138,326.089996,299.71909656751023
2139,316.130005,319.5590925675102
2140,333.869995,322.81910256751024
2141,332.799988,337.50910556751023
2142,310.119995,305.81910256751024
2143,300.359985,306.71909656751023
2144,317.690002,305.71909656751023
2145,334.959991,321.43909756751026
2146,335.350006,341.67908756751024
2147,338.529999,335.21909656751023
2148,344.970001,334.1190905675102
2149,347.26001,341.8090925675102
2150,334.399994,342.0991015675102
2151,344.429993,334.71909656751023
2152,346.049988,344.4990955675102
2153,347.309998,345.92908756751024
2154,302.26001,322.71909656751023
2155,298.920013,304.5391035675102
2156,287.589996,292.21909656751023
2157,291.51001,282.7490955675102
2158,297.040009,294.10911156751024
2159,296.380005,292.62910056751025
2160,297.459991,294.98908556751024
2161,308.769989,300.16910856751025
2162,307.019989,300.71909656751023
2163,312.209991,305.1391095675102
2164,312.890015,312.6991075675102
2165,321.350006,312.2090865675102
2166,317.220001,319.3090925675102
2167,307.51001,313.0190845675102
2168,305.799988,306.54908356751025
2169,312.839996,311.31910256751024
2170,311.809998,315.91910856751025
2171,308.170013,312.06910256751024
2172,303.769989,303.0991015675102
2173,307.880005,304.21909656751023
2174,305.640015,306.27909456751024
2175,302.559998,304.12910056751025
2176,291.230011,301.52909456751024
2177,294.709991,294.2090865675102
2178,298.769989,297.62910056751025
2179,297.859985,291.93909756751026
2180,314.73999,301.4990955675102
2181,319.880005,318.6391095675102
2182,294.790009,306.6590985675102
2183,285.359985,297.83909156751025
2184,276.540009,281.71909656751023
2185,276.23999,276.1991075675102
2186,276.589996,278.5590925675102
2187,284.140015,276.62910056751025
2188,290.920013,283.23908556751024
2189,283.359985,286.2090865675102
2190,288.959991,283.6190905675102
2191,289.959991,292.16910856751025
2192,275.429993,283.22910656751026
2193,269.48999,275.71909656751023
2194,267.470001,267.21909656751023
2195,273.600006,269.4090985675102
2196,274.019989,272.31910256751024
2197,264.529999,272.29908356751025
2198,260.420013,259.42908756751024
2199,267.769989,264.1590985675102
2200,274.829987,268.46909656751023
2201,278.619995,276.87910056751025
2202,279.859985,278.41910856751025
2203,289.179993,282.33909156751025
2204,285.880005,288.0190845675102
2205,291.809998,287.0391035675102
2206,267.779999,261.60911156751024
2207,274.959991,269.57908156751023
2208,273.200012,277.4090985675102
2209,272.309998,271.3690905675102
2210,276.059998,276.4590865675102
2211,268.420013,268.0190845675102
2212,267.700012,269.93909756751026
2213,266.380005,268.3491015675102
2214,273.359985,265.46909656751023
2215,271.230011,274.46909656751023
2216,273.26001,270.9491075675102
2217,262.75,268.71909656751023
2218,263.899994,259.8690905675102
2219,258.660004,263.56910256751024
2220,247.630005,254.71909656751023
2221,235.139999,246.21909656751023
2222,241.470001,235.57909756751025
2223,238.690002,241.77909456751024
2224,234.009995,238.56910256751024
2225,244.100006,245.23910056751023
2226,255.029999,243.57909756751025
2227,255.339996,249.73910056751023
2228,247.059998,256.5190845675102
2229,244.839996,246.65909856751023
2230,241.979996,241.71909656751023
2231,239.520004,239.46909656751023
2232,227.009995,231.72909156751024
2233,232.309998,229.01909956751024
2234,231.949997,229.03910356751024
2235,228.330002,229.20910156751023
2236,211.029999,221.67910356751023
2237,205.360001,202.51909956751024
2238,205.080002,197.47909156751024
2239,192.729996,198.81910256751024
2240,195.490005,194.05909256751025
2241,190.630005,199.54909856751024
2242,188.699997,190.91909356751023
2243,189.860001,186.81910256751024
2244,188.220001,188.46909656751023
2245,185.160004,184.81910256751024
2246,178.970001,185.22909156751024
2247,193.600006,180.81910256751024
2248,196.589996,198.39908956751023
2249,205.949997,204.15909856751023
2250,204.5,204.71909656751023
2251,212.880005,209.96909656751023
2252,217.100006,218.85909556751022
2253,209.259995,222.66909356751023
2254,213.910004,210.09910156751025
2255,214.919998,210.96909656751023
2256,225.029999,215.19909256751023
2257,224.740005,228.43909756751023
2258,226.429993,224.82909756751025
2259,219.619995,222.71909656751023
2260,221.860001,215.93909756751023
2261,223.639999,222.95910156751023
2262,219.759995,224.10909556751022
2263,219.270004,220.02909456751024
2264,222.839996,219.16909356751023
2265,223.460007,220.70910156751023
2266,227.169998,229.92910356751023
2267,224.550003,228.60909556751022
2268,234.899994,239.10909556751022
2269,233.100006,234.28910356751024
2270,230.339996,230.95910156751023
2271,230.059998,228.68909756751023
2272,238.919998,233.86909056751023
2273,238.600006,237.85909556751022
2274,245.080002,239.46909656751023
2275,253.5,247.71909656751023
2276,252.380005,249.01909956751024
2277,254.860001,255.38909456751023
2278,253.539993,254.76909956751024
2279,258.179993,255.40909856751023
2280,255.679993,258.46909656751023
2281,260.170013,256.42908756751024
2282,264.880005,258.8891095675102
2283,228.820007,233.21909656751023
2284,228.039993,226.63909456751023
2285,235.770004,226.80909256751025
2286,242.259995,232.61909056751023
2287,241.610001,242.71909656751023
2288,233.850006,242.36909056751023
2289,234.339996,231.06910256751024
2290,228.320007,229.31910256751024
2291,230.75,231.59910156751025
2292,233.419998,226.21909656751023
2293,238.300003,234.16909356751023
2294,235.009995,235.76909956751024
2295,229.009995,232.70910156751023
2296,235.0,228.52909456751024
2297,219.619995,230.92910356751023
2298,215.639999,220.57909756751025
2299,219.940002,216.37910056751022
2300,226.830002,223.92910356751023
2301,225.860001,227.33909156751022
2302,220.830002,221.72909156751024
2303,222.149994,222.51909956751024
2304,211.399994,219.68909756751023
2305,215.0,213.31910256751024
2306,214.080002,215.45910156751023
2307,215.589996,213.40909856751023
2308,221.710007,218.71909656751023
2309,225.610001,228.86909056751023
2310,225.009995,223.79909856751024
2311,220.679993,226.60909556751022
2312,229.580002,222.21909656751023
2313,227.449997,226.91909356751023
2314,231.789993,229.71909656751023
2315,235.539993,230.51909956751024
2316,247.100006,237.09910156751025
2317,245.869995,247.41909356751023
2318,245.199997,246.67910356751023
2319,242.809998,245.71909656751023
2320,244.789993,242.18909756751023
2321,243.490005,244.71909656751023
2322,246.600006,245.71909656751023
2323,240.619995,246.20910156751023
2324,241.229996,239.71909656751023
2325,223.210007,241.23910056751023
2326,228.699997,224.27909456751024
2327,242.559998,230.37910056751022
2328,242.130005,241.91909356751023
2329,240.869995,242.71909656751023
2330,244.690002,241.21909656751023
2331,243.130005,243.00908956751024
2332,233.029999,231.57909756751025
2333,231.429993,231.32909756751025
2334,237.720001,229.51909956751024
2335,240.050003,235.58909156751022
2336,244.529999,241.03910356751024
2337,244.740005,244.99909556751024
2338,247.889999,246.86909056751023
2339,256.959991,247.61909056751023
2340,257.890015,257.41910856751025
2341,259.75,257.10911156751024
2342,261.970001,262.21909656751023
2343,256.950012,260.41910856751025
2344,253.5,258.04908356751025
2345,255.580002,254.03910356751024
2346,254.679993,254.21909656751023
2347,299.679993,298.08909156751025
2348,328.130005,297.43909756751026
2349,327.709991,327.25910556751023
2350,316.220001,319.7090865675102
2351,315.01001,312.71909656751023
2352,314.920013,312.81910256751024
2353,313.309998,316.0391035675102
2354,317.470001,314.5190845675102
2355,317.220001,319.33909156751025
2356,326.579987,317.71909656751023
2357,335.540009,328.85911156751024
2358,337.140015,334.21909656751023
2359,345.089996,343.66910856751025
2360,349.929993,346.6190905675102
2361,346.109985,354.71909656751023
2362,349.350006,345.82908156751023
2363,352.170013,350.35911156751024
2364,349.98999,352.6391095675102
2365,359.519989,351.46909656751023
2366,352.220001,359.71909656751023
2367,354.829987,354.22910656751026
2368,333.040009,339.87910056751025
2369,336.339996,344.0391035675102
2370,328.920013,334.98908556751024
2371,331.290009,330.83909156751025
2372,329.940002,330.82908156751023
2373,334.869995,329.1190905675102
2374,336.200012,332.33909156751025
2375,333.029999,337.46909656751023
2376,330.369995,332.54908356751025
2377,335.890015,334.71909656751023
2378,339.529999,336.3090925675102
2379,348.839996,339.67908756751024
2380,352.700012,351.5991015675102
2381,359.679993,354.6391095675102
2382,358.390015,360.7690845675102
2383,381.5,362.2690845675102
2384,378.98999,378.7090865675102
2385,393.149994,380.3491015675102
2386,404.040009,397.0391035675102
2387,405.589996,410.00910556751023
2388,419.220001,411.4990955675102
2389,425.25,418.07908156751023
2390,430.940002,427.62910056751025
2391,430.380005,434.71909656751023
2392,414.700012,428.50910556751023
2393,418.329987,404.71909656751023
2394,430.26001,424.21909656751023
2395,443.01001,440.21909656751023
2396,451.540009,440.18909756751026
2397,469.059998,461.1190905675102
2398,492.140015,473.41910856751025
2399,481.339996,496.81910256751024
2400,478.149994,481.50910556751023
2401,524.859985,493.21909656751023
2402,537.919983,543.9791065675103
2403,518.5,529.4791065675103
2404,513.48999,493.46909656751023
2405,510.5,507.32908156751023
2406,547.200012,529.9690965675103
2407,569.559998,571.6091115675102
2408,572.200012,563.9690965675103
2409,564.820007,570.3491015675103
2410,558.02002,541.7090865675103
2411,566.900024,568.2090865675103
2412,580.98999,575.4090985675103
2413,640.809998,632.1390795675103
2414,650.570007,639.7190965675103
2415,780.0,673.4090985675103
